Sienkiewicz Henryk;Henryk Sienkiewicz
Green Fern;Fern Green
Wroński Michał;Michał Wroński
Sikorski Daniel;Daniel Sikorski
Mróz Remigiusz;Remigiusz Mróz

Mietlińska Barbara;Barbara Mietlińska

Zawadzki Paweł;Paweł Zawadzki

Mickiewicz Adam;Adam Mickiewicz

Nowak Ewa;Ewa Nowak

Mierzejewski Leszek;Leszek Mierzejewski

Skarga Alek;Alek Skarga

Pisarkiewicz Mirosław;Mirosław Pisarkiewicz

Konrad Florian;Florian Konrad

Kapuścińska Magdalena;Magdalena Kapuścińska

Cygan Janusz;Janusz Cygan

Paszkiewicz Anna;Anna Paszkiewicz

Krywan Tomasz;Tomasz Krywan

Wierzchowska Weronika;Weronika Wierzchowska

Widmark Martin;Martin Widmark

Baran Krystyna;Krystyna Baran

Król Jolanta;Jolanta Król

Jarosz Andrzej;Andrzej Jarosz

Kaliska Zofia;Zofia Kaliska

Nowak Mirosława Hanna;Mirosława Hanna Nowak

Kotetsuko Yamamoto;Yamamoto Kotetsuko

Brakoniecki Kazimierz;Kazimierz Brakoniecki

Kekus Anna;Anna Kekus

Antoine de Saint Exupery;Antoine de Saint-Exupéry

Jan Wojciech MALIK;Jan Wojciech Malik

Pawłowska Zofia;Zofia Pawłowska

Wiśniewska Anna;Anna Wiśniewska

Poczwardowska Beata;Beata Poczwardowska

Lenarczyk Ewa;Ewa Lenarczyk

Kowalski Radosław;Radosław Kowalski

Schrammek Dorota;Dorota Schrammek

Saint-Germain Adamus;Adamus Saint-Germain

Opera Bałtycka;Opera Bałtycka w Gdańsku

Pawełek Jakub;Jakub Pawełek

Kopeć Krzysztof;Krzysztof Kopeć

Syska Piotr;Piotr Syska

Grzebuła Marta;Marta Grzebuła

Buczkowski Janusz;Janusz Buczkowski

Marczyńska Elżbieta;Elżbieta Marczyńska

Paruch Sławomir;Sławomir Paruch

Kłodzińska Anna;Anna Kłodzińska

Rogala Małgorzata;Małgorzata Rogala

Miś Adriana Anna CSS;Adriana Anna CSS Miś

Zych Jarosław;Jarosław Zych

Siudyka Wylężek Barbara;Barbara Siudyka Wylężek

Mucharska Danuta;Danuta Mucharska

Budek Mariola;Mariola Budek

Konopnicka Maria;Maria Konopnicka

Stadtmüller Ewa;Ewa Stadtmüller

Kaufman Amie;Amie Kaufman

Rusak Tomasz J.;Tomasz J. Rusak

Wild Meredith;Meredith Wild

Polak Marian;Marian Polak

Wójtowicz Kazimierz;Kazimierz Wójtowicz

Dębski Artur;Artur Dębski

Ciszewski Marcin;Marcin Ciszewski

Szafran Maria;Maria Szafran

Ferenz Malwina;Malwina Ferenz

Gargaś Gabriela;Gabriela Gargaś

Korpyś Ireneusz;Ireneusz Korpyś

Wioletta Piasecka;Piasecka Wioletta

Podleśna Małgorzata;Małgorzata Podleśna

Ganoun Anita;Anita Ganoun

Małkowska Katarzyna;Katarzyna Małkowska

Siwiec Tomasz;Tomasz Siwiec

Pleszyniak Jerzy;Jerzy Pleszyniak

Polak Agnieszka Monika;Agnieszka Monika Polak

Bełza Władysław;Władysław Bełza

CICHOŃ WALDEMAR;WALDEMAR CICHOŃ

Drabik Wiesław;Wiesław Drabik

Tomaszczak Marzena;Marzena Tomaszczak

Dapczyńska Magdalena;Magdalena Dapczyńska

Dapczyńska Magdalena Anna;Magdalena Dapczyńska

Burroughs Edgar Rice;Edgar Rice Burroughs

Romanowski Sławomir;Sławomir Romanowski

Dobrowolski Sebastian;Sebastian Dobrowolski

Austen Jane;Jane Austen

Jowik Ewa;Ewa Jowik

Niżyński Janusz;Janusz Niżyński

Jarocka Mariola;Mariola Jarocka

Maciak Artur;Artur Maciak

Karolczuk Monika;Monika Karolczuk

Andersen Hans Christian;Hans Christian Andersen

Marciniuk Katarzyna;Katarzyna Marciniuk

Mazur Teresa;Teresa Mazur

Paszkiewicz Agnieszka;Agnieszka Paszkiewicz

Wołosińska Jolanta;Jolanta Wołosińska

Wileńska Agnieszka;Agnieszka Wileńska

Malinowska Zuza;Zuza Malinowska

Lip Krzysztof;Krzysztof Lip


Sarwa Andrzej;Andrzej Sarwa

Zarębska Magdalena;Magdalena Zarębska

Skoczek Tadeusz;Tadeusz Skoczek

Grabowski Sebastian;Sebastian Grabowski

Wróblewski Grzegorz;Grzegorz Wróblewski

Łbik Maria;Maria Łbik

Wicherkiewicz Joanna;Joanna Wicherkiewicz

Verne Juliusz;Juliusz Verne

Larson B.V.;B.V. Larson

Ziółkowski Grzegorz;Grzegorz Ziółkowski

Opolski Marek;Marek Opolski

Kazimierz Wójtowicz CR;Kazimierz Wójtowicz

Woźniak Grzegorz;Grzegorz Woźniak

Regel Wiesława;Wiesława Regel

Johansen Erika;Erika Johansen

Greń Hanna;Hanna Greń

Bąk Kacper;Kacper Bąk

Bucholski Marek;Marek Bucholski

Beare Nick;Nick Beare

Bożena Maria s. Hanusiak;Bożena Maria Hanusiak

Hanusiak Bożena Maria;Bożena Maria Hanusiak

Skwark Dorota;Dorota Skwark

Nowak-Balcer Grażyna;Grażyna Nowak-Balcer

Paryna Teresa;Teresa Paryna

Łubkowski Dariusz;Dariusz Łubkowski

Jeffries Sabrina;Sabrina Jeffries

Wachowiak Joanna;Joanna Wachowiak

Piątkowska Renata;Renata Piątkowska

Pfaff Józef;Józef Pfaff

Muszala Andrzej;Andrzej Muszala

Skarżyńska Ewa;Ewa Skarżyńska

Huppen Hermann;Hermann Huppen

Rzepiela Monika;Monika Rzepiela

Słabik Paweł;Paweł Słabik

Mandla Izabela;Izabela Mandla

Tutaj Jan;Jan Tutaj

Szczykutowicz Kazimiera;Kazimiera Szczykutowicz

Conan-Doyle Arthur;Arthur Conan-Doyle

Kalinowski Piotr;Piotr Kalinowski

Skowron Kamila;Kamila Skowron


Chełminiak Marek;Marek Chełminiak

Kozikowska Monika;Monika Kozikowska

Jordi Sierra i Fabra;Jordi Sierra I Fabra

Piedziewicz Michał;Michał Piedziewicz

Lindgren Astrid;Astrid Lindgren

Nilsson Moni;Moni Nilsson

Stanisław Andrzej Średziński;Andrzej Stanisław Kowalczyk

Kiljan Kazimierz;Kazimierz Kiljan

Shukri Laila;Laila Shukri

Young Samantha;Samantha Young

Żółtowska-Darska Yvette;Yvette Żółtowska-Darska

Wierzchowska Wiesława;Wiesława Wierzchowska

Słowiński Przemysław;Przemysław Słowiński

Lipiec Wiesław;Wiesław Lipiec

Niewińska Jolanta;Jolanta Niewińska

Skrzymowski Włodzimierz;Włodzimierz Skrzymowski

Ostrowska Bronisława;Bronisława Ostrowska

Młynarska-Wełpa Elżbieta;Elżbieta Młynarska-Wełpa

Trzpioła Katarzyna;Katarzyna Trzpioła

Fujimaki Tadatoshi;Tadatoshi Fujimaki

Mauro Isabel;Isabel Mauro

Wojciechowski Bronisław;Bronisław Wojciechowski

Rębacz Tomasz;Tomasz Rębacz

Bross Helena;Helena Bross

Krzyżanek Joanna;Joanna Krzyżanek

Jeske-Choiński Teodor;Teodor Jeske-Choiński

Sułkowski Paweł;Paweł Sułkowski

Rybski Wiesław;Wiesław Rybski

Przybyłek Agata;Agata Przybyłek

Szarańska Joanna;Joanna Szarańska

Błędowski Ernest;Ernest Błędowski

Tschenze Vadim;Vadim Tschenze

Michałowska Tamara;Tamara Michałowska

Zbigniew ks. Sobolewski;ks. Sobolewski Zbigniew

Jan Marcin Węsławski;Marcin Jan Gorazdowski

Gruca Magdalena;Magdalena Gruca

Krajewska Marta;Marta Krajewska

Trawnicki Maciej;Maciej Trawnicki

Dędza Elżbieta;Elżbieta Dędza

Groszek-Abramowicz Alicja;Alicja Groszek-Abramowicz

Kupczak Katarzyna;Katarzyna Kupczak

Czyżewska Monika;Monika Czyżewska

Wójcik-Machejek Jolanta;Jolanta Wójcik-Machejek

Sikorski Marek;Marek Sikorski

Rusewicz Henryk;Henryk Rusewicz

Rytel Marlena;Marlena Rytel

Stawowy Jacek;Jacek Stawowy

Okowiński Leon;Leon Okowiński

Kuffel Józef;Józef Kuffel

Węgłowski Adam;Adam Węgłowski

Owczarek Jacek;Jacek Owczarek

Kozłowska-Ryś Anna;Anna Kozłowska-Ryś

Koper Sławomir;Sławomir Koper

Piotrowska Karolina;Karolina Piotrowska

Szelągowska Barbara;Barbara Szelągowska

Nęcek Robert;Robert Nęcek

Ruszkowski Andrzej;Andrzej Ruszkowski

Rzeźniczak Damian;Damian Rzeźniczak

Górski Artur;Artur Górski

Guzik Maria;Maria Guzik

Ładosz Jakub;Jakub Ładosz

Bubicz Martyna;Martyna Bubicz

Jarząbek Maria;Maria Jarząbek

Paluch Sebastian;Sebastian Paluch

Murphy Joseph;Joseph Murphy

Bartosiak Jacek;Jacek Bartosiak

Jankowski Tomasz;Tomasz Jankowski

Wojciech Zawadzki;Zawadzki Wojciech

Zawadzki Wojciech;Wojciech Zawadzki

Mrozek Jacek Janusz;Jacek Janusz Mrozek

Warawko Teresa;Teresa Warawko

Kossakowska Dorota;Dorota Kossakowska

Wojtyczka Izabela;Izabela Wojtyczka

Dickens Charles;Charles Dickens

Czapczyk Paweł;Paweł Czapczyk

Dobkiewicz Andrzej;Andrzej Dobkiewicz

Ostrowski Grzegorz;Grzegorz Ostrowski

Mąkosa Paweł;Paweł Mąkosa

Korbas Marek;Marek Korbas

Rajski Kajetan;Kajetan Rajski

Nowak Tomasz;Tomasz Nowak

Kędziora Witold;Witold Kędziora

Bogusławski Damian;Damian Bogusławski

Parlak Danuta;Danuta Parlak

Misztak Jarosław;Jarosław Misztak

Przybyłowska Małgorzata;Małgorzata Przybyłowska

Kowalska Karolina;Karolina Kowalska

Mironowicz Antoni;Antoni Mironowicz

Mróz Daniel;Daniel Mróz

Potocki Andrzej;Andrzej Potocki

Włoch Mariusz;Mariusz Włoch

Tokarski Zbigniew;Zbigniew Tokarski

Kozioł Karolina;Karolina Kozioł

Koćma Adam;Adam Koćma

Okoń Jacek;Jacek Okoń

Lewiński Paweł;Paweł Lewiński

Dąbrowski Marek;Marek Dąbrowski

Walczak Dariusz;Dariusz Walczak

Parlicki Mariusz;Mariusz Parlicki

Brzoskowski Wiesław;Wiesław Brzoskowski

Sochacki-Wójcicka Nicole;Nicole Sochacki-Wójcicka

Pabis Małgorzata;Małgorzata Pabis

Kalina Dariusz;Dariusz Kalina

Kicińska Agnieszka;Agnieszka Kicińska

Stolarczyk Ewa;Ewa Stolarczyk

Rapacz Justyna;Justyna Rapacz

Czechowicz Justyna;Justyna Czechowicz

Caputa Jola;Jola Caputa

Ballaun Maria;Maria Ballaun

Justyna Bielinowicz;Bielinowicz Justyna

Bielinowicz Justyna;Justyna Bielinowicz

Król Anna;Anna Król

Czupryn Anita;Anita Czupryn

Klonowska Teresa;Teresa Klonowska

Zimny Jan;Jan Zimny

Kassjanowicz Dorota;Dorota Kassjanowicz

Trojanowicz-Kasprzak Maria;Maria Trojanowicz-Kasprzak

Fleischer Michael;Michael Fleischer

Krysińska Beata;Beata Krysińska

Walendzik Wojciech;Wojciech Walendzik

Topolewska Michalina;Michalina Topolewska

Struzik Zdzisław;Zdzisław Struzik

Kutaś Paweł;Paweł Kutaś

Kindziuk Milena;Milena Kindziuk

Nejranowska Sandra;Sandra Nejranowska

Szmigrodzka Agata;Agata Szmigrodzka

Świętek Edyta;Edyta Świętek

Kobus Witold;Witold Kobus

Podbylska Magda;Magda Podbylska

Żak Andrzej;Andrzej Żak

Piegza Marian;Marian Piegza

Klimkiewicz Karolina;Karolina Klimkiewicz

Wątor Alicja;Alicja Wątor

Grabowski Tomasz;Tomasz Grabowski

Fusiarz Sybilla;Sybilla Fusiarz

Stępowski Robert;Robert Stępowski

Grabowski Artur;Artur Grabowski

Halama Marek;Marek Halama

Bartosik Przemysław;Przemysław Bartosik

Szymański Michał;Michał Szymański

Czesław Witkowski;Witkowski Czesław

Witkowski Czesław;Czesław Witkowski

ADAM WACŁAWSKI;WACŁAWSKI ADAM

WACŁAWSKI ADAM;ADAM WACŁAWSKI

Wacławski Adam;Adam Wacławski

Wohlleben Peter;Peter Wohlleben

Knopp Józef;Józef Knopp

Lisicki Paweł;Paweł Lisicki

Kidyba Andrzej;Andrzej Kidyba

Stelmach Jerzy;Jerzy Stelmach

Gos Waldemar;Waldemar Gos

Rautszko Janusz;Janusz Rautszko

Dudzińska-Krawczyk Izabella;Izabella Dudzińska-Krawczyk

Dobruszek Wiesław;Wiesław Dobruszek

Kwiecień Marcin;Marcin Kwiecień

Krassowska-Mackiewicz Ewa;Ewa Krassowska-Mackiewicz

Kowalczyk Agnieszka;Agnieszka Kowalczyk

Nisztor Piotr;Piotr Nisztor

Nowak Szymon;Szymon Nowak

Chromy Roman;Roman Chromy

Sosnowicz-Ptak Izabela;Izabela Sosnowicz-Ptak

Tuchliński Ryszard;Ryszard Tuchliński

Jarosz Barbara;Barbara Jarosz

Lesław Zieliński;Zieliński Lesław

Zieliński Lesław;Lesław Zieliński

Celuch Małgorzata;Małgorzata Celuch

Randy Clark;Clark Randy

Nakamura Asumiko;Asumiko Nakamura

Szczepanowicz Barbara;Barbara Szczepanowicz

Kalinowska Iwona;Iwona Kalinowska

Sławomir Sutowski;Sutowski Sławomir

Sutowski Sławomir;Sławomir Sutowski

Fanny Joly;Joly Fanny

Czembor Henryk;Henryk Czembor

Midura Robert;Robert Midura
Pankiewicz Jacek;Jacek Pankiewicz


Motylewska Grażyna;Grażyna Motylewska

Grabowska-Piątek Marcelina;Marcelina Grabowska-Piątek

Wieliński Dobiesław;Dobiesław Wieliński

Dobiesław Wieliński;Wieliński Dobiesław

Gałka Dominika;Dominika Gałka

Natora Paweł;Paweł Natora

Osborne Mary Pope;Mary Pope Osborne

Stojer-Polańska Joanna;Joanna Stojer-Polańska

Gąszcz Bogusław;Bogusław Gąszcz

Agnieszka Walczak - Chojecka;Agnieszka Walczak-Chojecka

Zawadzki Wojciech;Wojciech Zawadzki

Bielinowicz Justyna;Justyna Bielinowicz

Witkowski Czesław;Czesław Witkowski

WACŁAWSKI ADAM;ADAM WACŁAWSKI

Zieliński Lesław;Lesław Zieliński

Janusz Rosikoń Górny Grzegorz;Grzegorz Górny Janusz Rosikoń

Wieliński Dobiesław;Dobiesław Wieliński

ks. Marcin Węcławski;Marcin Węcławski
Kard. Stefan Wyszyński;Stefan Wyszyński
Kazimierz Jan Paczesny;Kazimierz Paczesny

Ks. Dłutowski Michał;Michał Dłutowski
Ewa ilustracje Czerwińska;Ewa Czerwińska
Małgorzata J Kursa;Małgorzata J. Kursa
Jarosław. Górski;Jarosław Górski
Ks. Dominik Chmielewski SDB;Dominik Chmielewski
Paweł Daniel. Zalewski;Paweł Daniel Zalewski


Curry R. Blake;Curry Blake

